RELEASE,BRICKID,BRICKNAME,BRICK_OBJID,MORPHTYPE,RA,RA_IVAR,DEC,DEC_IVAR,DCHISQ_0,DCHISQ_1,DCHISQ_2,DCHISQ_3,DCHISQ_4,EBV,FLUX_G,FLUX_R,FLUX_Z,FLUX_IVAR_G,FLUX_IVAR_R,FLUX_IVAR_Z,MW_TRANSMISSION_G,MW_TRANSMISSION_R,MW_TRANSMISSION_Z,FRACFLUX_G,FRACFLUX_R,FRACFLUX_Z,FRACMASKED_G,FRACMASKED_R,FRACMASKED_Z,FRACIN_G,FRACIN_R,FRACIN_Z,NOBS_G,NOBS_R,NOBS_Z,PSFDEPTH_G,PSFDEPTH_R,PSFDEPTH_Z,GALDEPTH_G,GALDEPTH_R,GALDEPTH_Z,FLUX_W1,FLUX_W2,FLUX_W3,FLUX_W4,FLUX_IVAR_W1,FLUX_IVAR_W2,FLUX_IVAR_W3,FLUX_IVAR_W4,MW_TRANSMISSION_W1,MW_TRANSMISSION_W2,MW_TRANSMISSION_W3,MW_TRANSMISSION_W4,ALLMASK_G,ALLMASK_R,ALLMASK_Z,FIBERFLUX_G,FIBERFLUX_R,FIBERFLUX_Z,FIBERTOTFLUX_G,FIBERTOTFLUX_R,FIBERTOTFLUX_Z,REF_EPOCH,WISEMASK_W1,WISEMASK_W2,MASKBITS,LC_FLUX_W1_0,LC_FLUX_W1_1,LC_FLUX_W1_2,LC_FLUX_W1_3,LC_FLUX_W1_4,LC_FLUX_W1_5,LC_FLUX_W1_6,LC_FLUX_W1_7,LC_FLUX_W1_8,LC_FLUX_W1_9,LC_FLUX_W1_10,LC_FLUX_W1_11,LC_FLUX_W1_12,LC_FLUX_W1_13,LC_FLUX_W1_14,LC_FLUX_W2_0,LC_FLUX_W2_1,LC_FLUX_W2_2,LC_FLUX_W2_3,LC_FLUX_W2_4,LC_FLUX_W2_5,LC_FLUX_W2_6,LC_FLUX_W2_7,LC_FLUX_W2_8,LC_FLUX_W2_9,LC_FLUX_W2_10,LC_FLUX_W2_11,LC_FLUX_W2_12,LC_FLUX_W2_13,LC_FLUX_W2_14,LC_FLUX_IVAR_W1_0,LC_FLUX_IVAR_W1_1,LC_FLUX_IVAR_W1_2,LC_FLUX_IVAR_W1_3,LC_FLUX_IVAR_W1_4,LC_FLUX_IVAR_W1_5,LC_FLUX_IVAR_W1_6,LC_FLUX_IVAR_W1_7,LC_FLUX_IVAR_W1_8,LC_FLUX_IVAR_W1_9,LC_FLUX_IVAR_W1_10,LC_FLUX_IVAR_W1_11,LC_FLUX_IVAR_W1_12,LC_FLUX_IVAR_W1_13,LC_FLUX_IVAR_W1_14,LC_FLUX_IVAR_W2_0,LC_FLUX_IVAR_W2_1,LC_FLUX_IVAR_W2_2,LC_FLUX_IVAR_W2_3,LC_FLUX_IVAR_W2_4,LC_FLUX_IVAR_W2_5,LC_FLUX_IVAR_W2_6,LC_FLUX_IVAR_W2_7,LC_FLUX_IVAR_W2_8,LC_FLUX_IVAR_W2_9,LC_FLUX_IVAR_W2_10,LC_FLUX_IVAR_W2_11,LC_FLUX_IVAR_W2_12,LC_FLUX_IVAR_W2_13,LC_FLUX_IVAR_W2_14,LC_NOBS_W1_0,LC_NOBS_W1_1,LC_NOBS_W1_2,LC_NOBS_W1_3,LC_NOBS_W1_4,LC_NOBS_W1_5,LC_NOBS_W1_6,LC_NOBS_W1_7,LC_NOBS_W1_8,LC_NOBS_W1_9,LC_NOBS_W1_10,LC_NOBS_W1_11,LC_NOBS_W1_12,LC_NOBS_W1_13,LC_NOBS_W1_14,LC_NOBS_W2_0,LC_NOBS_W2_1,LC_NOBS_W2_2,LC_NOBS_W2_3,LC_NOBS_W2_4,LC_NOBS_W2_5,LC_NOBS_W2_6,LC_NOBS_W2_7,LC_NOBS_W2_8,LC_NOBS_W2_9,LC_NOBS_W2_10,LC_NOBS_W2_11,LC_NOBS_W2_12,LC_NOBS_W2_13,LC_NOBS_W2_14,LC_MJD_W1_0,LC_MJD_W1_1,LC_MJD_W1_2,LC_MJD_W1_3,LC_MJD_W1_4,LC_MJD_W1_5,LC_MJD_W1_6,LC_MJD_W1_7,LC_MJD_W1_8,LC_MJD_W1_9,LC_MJD_W1_10,LC_MJD_W1_11,LC_MJD_W1_12,LC_MJD_W1_13,LC_MJD_W1_14,LC_MJD_W2_0,LC_MJD_W2_1,LC_MJD_W2_2,LC_MJD_W2_3,LC_MJD_W2_4,LC_MJD_W2_5,LC_MJD_W2_6,LC_MJD_W2_7,LC_MJD_W2_8,LC_MJD_W2_9,LC_MJD_W2_10,LC_MJD_W2_11,LC_MJD_W2_12,LC_MJD_W2_13,LC_MJD_W2_14,SHAPE_R,SHAPE_E1,SHAPE_E2,SHAPE_R_IVAR,SHAPE_E1_IVAR,SHAPE_E2_IVAR,SERSIC,SERSIC_IVAR,REF_ID,REF_CAT,GAIA_PHOT_G_MEAN_MAG,GAIA_PHOT_G_MEAN_FLUX_OVER_ERROR,GAIA_PHOT_BP_MEAN_MAG,GAIA_PHOT_BP_MEAN_FLUX_OVER_ERROR,GAIA_PHOT_RP_MEAN_MAG,GAIA_PHOT_RP_MEAN_FLUX_OVER_ERROR,GAIA_PHOT_BP_RP_EXCESS_FACTOR,GAIA_ASTROMETRIC_EXCESS_NOISE,GAIA_DUPLICATED_SOURCE,GAIA_ASTROMETRIC_SIGMA5D_MAX,GAIA_ASTROMETRIC_PARAMS_SOLVED,PARALLAX,PARALLAX_IVAR,PMRA,PMRA_IVAR,PMDEC,PMDEC_IVAR,PHOTSYS,TARGETID,SUBPRIORITY,OBSCONDITIONS,PRIORITY_INIT,NUMOBS_INIT,HPXPIXEL,CMX_TARGET,DESI_TARGET,BGS_TARGET,MWS_TARGET,SV1_DESI_TARGET,SV1_BGS_TARGET,SV1_MWS_TARGET,SV2_DESI_TARGET,SV2_BGS_TARGET,SV2_MWS_TARGET,SV3_DESI_TARGET,SV3_BGS_TARGET,SV3_MWS_TARGET,SCND_TARGET,SV1_SCND_TARGET,SV2_SCND_TARGET,SV3_SCND_TARGET,SURVEY,PROGRAM,TILEID,DESINAME
9010,470773,1936p250,1986,PSF,193.60495815229493,3.8271898e+10,24.957551758619562,3.4538844e+10,1626.2928,1626.2484,1626.241,1626.2672,0.0,0.012561124,0.9494454,1.3523717,0.9405585,868.307,411.17603,103.031746,0.9634993,0.9752637,0.9860874,0.0,0.0,0.0,0.013166536,0.007310622,0.01652682,0.9923721,0.9954319,0.989803,3,3,4,949.5253,467.14362,102.779274,680.6521,263.81738,60.756176,1.9345373,2.3741448,37.571808,345.4259,4.005147,0.8481982,0.0011134531,1.3903296e-05,0.99787354,0.9986935,0.9997212,0.99989474,0,0,0,0.73937637,1.0531534,0.73245573,0.73937637,1.0531534,0.73245573,0.0,0,0,0,0.0,0.0,0.0,0.0,0.0,0.0,0.0,0.0,0.0,0.0,0.0,0.0,0.0,0.0,0.0,0.0,0.0,0.0,0.0,0.0,0.0,0.0,0.0,0.0,0.0,0.0,0.0,0.0,0.0,0.0,0.0,0.0,0.0,0.0,0.0,0.0,0.0,0.0,0.0,0.0,0.0,0.0,0.0,0.0,0.0,0.0,0.0,0.0,0.0,0.0,0.0,0.0,0.0,0.0,0.0,0.0,0.0,0.0,0.0,0.0,0,0,0,0,0,0,0,0,0,0,0,0,0,0,0,0,0,0,0,0,0,0,0,0,0,0,0,0,0,0,0.0,0.0,0.0,0.0,0.0,0.0,0.0,0.0,0.0,0.0,0.0,0.0,0.0,0.0,0.0,0.0,0.0,0.0,0.0,0.0,0.0,0.0,0.0,0.0,0.0,0.0,0.0,0.0,0.0,0.0,0.0,0.0,0.0,0.0,0.0,0.0,0.0,0.0,0,,0.0,0.0,0.0,0.0,0.0,0.0,0.0,0.0,False,0.0,0,0.0,0.0,0.0,0.0,0.0,0.0,S,39628373630126018,0.08464747586878074,1,103400,4,28121,0,0,0,0,0,0,0,0,0,0,262148,0,0,0,0,0,0,sv3,dark,481,DESI J193.6049+24.9575
9010,470773,1936p250,1986,PSF,193.60495815229493,3.8271898e+10,24.957551758619562,3.4538844e+10,1626.2928,1626.2484,1626.241,1626.2672,0.0,0.012561124,0.9494454,1.3523717,0.9405585,868.307,411.17603,103.031746,0.9634993,0.9752637,0.9860874,0.0,0.0,0.0,0.013166536,0.007310622,0.01652682,0.9923721,0.9954319,0.989803,3,3,4,949.5253,467.14362,102.779274,680.6521,263.81738,60.756176,1.9345373,2.3741448,37.571808,345.4259,4.005147,0.8481982,0.0011134531,1.3903296e-05,0.99787354,0.9986935,0.9997212,0.99989474,0,0,0,0.73937637,1.0531534,0.73245573,0.73937637,1.0531534,0.73245573,0.0,0,0,0,0.0,0.0,0.0,0.0,0.0,0.0,0.0,0.0,0.0,0.0,0.0,0.0,0.0,0.0,0.0,0.0,0.0,0.0,0.0,0.0,0.0,0.0,0.0,0.0,0.0,0.0,0.0,0.0,0.0,0.0,0.0,0.0,0.0,0.0,0.0,0.0,0.0,0.0,0.0,0.0,0.0,0.0,0.0,0.0,0.0,0.0,0.0,0.0,0.0,0.0,0.0,0.0,0.0,0.0,0.0,0.0,0.0,0.0,0.0,0.0,0,0,0,0,0,0,0,0,0,0,0,0,0,0,0,0,0,0,0,0,0,0,0,0,0,0,0,0,0,0,0.0,0.0,0.0,0.0,0.0,0.0,0.0,0.0,0.0,0.0,0.0,0.0,0.0,0.0,0.0,0.0,0.0,0.0,0.0,0.0,0.0,0.0,0.0,0.0,0.0,0.0,0.0,0.0,0.0,0.0,0.0,0.0,0.0,0.0,0.0,0.0,0.0,0.0,0,,0.0,0.0,0.0,0.0,0.0,0.0,0.0,0.0,False,0.0,0,0.0,0.0,0.0,0.0,0.0,0.0,S,39628373630126018,0.08464747586878074,1,103400,4,28121,0,0,0,0,0,0,0,0,0,0,262148,0,0,0,0,0,0,sv3,dark,489,DESI J193.6049+24.9575
9010,470773,1936p250,1986,PSF,193.60495815229493,3.8271898e+10,24.957551758619562,3.4538844e+10,1626.2928,1626.2484,1626.241,1626.2672,0.0,0.012561124,0.9494454,1.3523717,0.9405585,868.307,411.17603,103.031746,0.9634993,0.9752637,0.9860874,0.0,0.0,0.0,0.013166536,0.007310622,0.01652682,0.9923721,0.9954319,0.989803,3,3,4,949.5253,467.14362,102.779274,680.6521,263.81738,60.756176,1.9345373,2.3741448,37.571808,345.4259,4.005147,0.8481982,0.0011134531,1.3903296e-05,0.99787354,0.9986935,0.9997212,0.99989474,0,0,0,0.73937637,1.0531534,0.73245573,0.73937637,1.0531534,0.73245573,0.0,0,0,0,0.0,0.0,0.0,0.0,0.0,0.0,0.0,0.0,0.0,0.0,0.0,0.0,0.0,0.0,0.0,0.0,0.0,0.0,0.0,0.0,0.0,0.0,0.0,0.0,0.0,0.0,0.0,0.0,0.0,0.0,0.0,0.0,0.0,0.0,0.0,0.0,0.0,0.0,0.0,0.0,0.0,0.0,0.0,0.0,0.0,0.0,0.0,0.0,0.0,0.0,0.0,0.0,0.0,0.0,0.0,0.0,0.0,0.0,0.0,0.0,0,0,0,0,0,0,0,0,0,0,0,0,0,0,0,0,0,0,0,0,0,0,0,0,0,0,0,0,0,0,0.0,0.0,0.0,0.0,0.0,0.0,0.0,0.0,0.0,0.0,0.0,0.0,0.0,0.0,0.0,0.0,0.0,0.0,0.0,0.0,0.0,0.0,0.0,0.0,0.0,0.0,0.0,0.0,0.0,0.0,0.0,0.0,0.0,0.0,0.0,0.0,0.0,0.0,0,,0.0,0.0,0.0,0.0,0.0,0.0,0.0,0.0,False,0.0,0,0.0,0.0,0.0,0.0,0.0,0.0,S,39628373630126018,0.08464747586878074,1,103400,4,28121,0,0,0,0,0,0,0,0,0,0,262148,0,0,0,0,0,0,sv3,dark,491,DESI J193.6049+24.9575
9010,322620,2231m015,6210,PSF,223.22856862818415,2.2788483e+10,-1.4392200308306309,2.3354763e+10,941.56824,943.6899,943.8785,944.40546,0.0,0.05092081,0.45755225,0.54572755,0.75148934,2336.8352,1257.0918,138.46223,0.86007476,0.9034468,0.9447871,0.000577374,0.00062961754,0.00072717766,0.009843644,0.0102886185,0.015829625,0.9959458,0.9958685,0.9945759,5,6,4,2541.9758,1317.8715,140.20618,1578.0399,777.60126,84.52415,-0.6331674,-0.43859738,-41.55788,384.61926,3.4080646,0.65257984,0.0015530703,2.1268997e-05,0.9914076,0.9947143,0.9988704,0.9995733,0,0,0,0.35595465,0.42455098,0.58462423,0.3560483,0.4250021,0.58565754,0.0,0,0,0,0.0,0.0,0.0,0.0,0.0,0.0,0.0,0.0,0.0,0.0,0.0,0.0,0.0,0.0,0.0,0.0,0.0,0.0,0.0,0.0,0.0,0.0,0.0,0.0,0.0,0.0,0.0,0.0,0.0,0.0,0.0,0.0,0.0,0.0,0.0,0.0,0.0,0.0,0.0,0.0,0.0,0.0,0.0,0.0,0.0,0.0,0.0,0.0,0.0,0.0,0.0,0.0,0.0,0.0,0.0,0.0,0.0,0.0,0.0,0.0,0,0,0,0,0,0,0,0,0,0,0,0,0,0,0,0,0,0,0,0,0,0,0,0,0,0,0,0,0,0,0.0,0.0,0.0,0.0,0.0,0.0,0.0,0.0,0.0,0.0,0.0,0.0,0.0,0.0,0.0,0.0,0.0,0.0,0.0,0.0,0.0,0.0,0.0,0.0,0.0,0.0,0.0,0.0,0.0,0.0,0.0,0.0,0.0,0.0,0.0,0.0,0.0,0.0,0,,0.0,0.0,0.0,0.0,0.0,0.0,0.0,0.0,False,0.0,0,0.0,0.0,0.0,0.0,0.0,0.0,S,39627752231409730,0.9197873020677381,1,3200,2,25937,999999,655458,0,0,999999,999999,999999,999999,999999,999999,999999,999999,999999,0,999999,999999,999999,main,dark,1092,DESI J223.2285-01.4392
9010,277416,0325m092,3974,EXP,32.52890618605275,6.3819006e+10,-9.204384519084883,4.70431e+10,2516.5515,2593.3076,2611.6885,2626.6829,2628.363,0.023811216,0.63575965,0.8553752,1.266094,2521.284,1827.4868,168.9209,0.93194073,0.9536291,0.9737912,0.0009999934,0.001043363,0.0013422243,0.011733905,0.011003668,0.013931534,0.99537975,0.9960254,0.9944403,9,8,7,3571.9995,2715.81,254.08072,2163.142,1479.6544,125.750534,0.5211631,-0.34992886,20.44019,864.22473,3.5533752,0.7791514,0.0017828076,2.2601087e-05,0.9959728,0.99752486,0.9994716,0.99980044,0,0,0,0.41327608,0.5560373,0.82302547,0.41327608,0.5560373,0.82302547,0.0,0,0,0,0.0,0.0,0.0,0.0,0.0,0.0,0.0,0.0,0.0,0.0,0.0,0.0,0.0,0.0,0.0,0.0,0.0,0.0,0.0,0.0,0.0,0.0,0.0,0.0,0.0,0.0,0.0,0.0,0.0,0.0,0.0,0.0,0.0,0.0,0.0,0.0,0.0,0.0,0.0,0.0,0.0,0.0,0.0,0.0,0.0,0.0,0.0,0.0,0.0,0.0,0.0,0.0,0.0,0.0,0.0,0.0,0.0,0.0,0.0,0.0,0,0,0,0,0,0,0,0,0,0,0,0,0,0,0,0,0,0,0,0,0,0,0,0,0,0,0,0,0,0,0.0,0.0,0.0,0.0,0.0,0.0,0.0,0.0,0.0,0.0,0.0,0.0,0.0,0.0,0.0,0.0,0.0,0.0,0.0,0.0,0.0,0.0,0.0,0.0,0.0,0.0,0.0,0.0,0.0,0.0,0.39515415,0.34223408,-0.14157835,2052.6372,153.44527,159.33344,1.0,0.0,0,,0.0,0.0,0.0,0.0,0.0,0.0,0.0,0.0,False,0.0,0,0.0,0.0,0.0,0.0,0.0,0.0,S,39627562632089478,0.7988648738636737,1,3100,2,17495,999999,655394,0,0,999999,999999,999999,999999,999999,999999,999999,999999,999999,0,999999,999999,999999,main,dark,1673,DESI J032.5289-09.2043
9010,374870,3500p075,1641,REX,350.0135015375139,4.0049594e+11,7.567173962909228,4.1228242e+11,21484.062,22043.465,22159.56,22125.723,0.0,0.13851076,3.3579414,3.794864,5.4024024,1107.9681,508.21808,79.68572,0.6636369,0.75866437,0.85685116,0.0066494546,0.028395016,0.02770703,0.0072113285,0.006793178,0.0067101032,0.99687535,0.99758536,0.99705434,3,4,3,2022.8027,836.1793,109.43662,1297.1932,493.94165,64.30308,5.1122932,6.1983237,58.746464,1833.9387,2.8559213,0.6133751,0.00075534824,9.81155e-06,0.9767999,0.9856877,0.9969302,0.99883974,0,0,0,2.2095814,2.497084,3.5548708,2.2138288,2.517522,3.587347,0.0,0,0,0,0.0,0.0,0.0,0.0,0.0,0.0,0.0,0.0,0.0,0.0,0.0,0.0,0.0,0.0,0.0,0.0,0.0,0.0,0.0,0.0,0.0,0.0,0.0,0.0,0.0,0.0,0.0,0.0,0.0,0.0,0.0,0.0,0.0,0.0,0.0,0.0,0.0,0.0,0.0,0.0,0.0,0.0,0.0,0.0,0.0,0.0,0.0,0.0,0.0,0.0,0.0,0.0,0.0,0.0,0.0,0.0,0.0,0.0,0.0,0.0,0,0,0,0,0,0,0,0,0,0,0,0,0,0,0,0,0,0,0,0,0,0,0,0,0,0,0,0,0,0,0.0,0.0,0.0,0.0,0.0,0.0,0.0,0.0,0.0,0.0,0.0,0.0,0.0,0.0,0.0,0.0,0.0,0.0,0.0,0.0,0.0,0.0,0.0,0.0,0.0,0.0,0.0,0.0,0.0,0.0,0.28755942,0.0,0.0,21486.19,0.0,0.0,1.0,0.0,0,,0.0,0.0,0.0,0.0,0.0,0.0,0.0,0.0,False,0.0,0,0.0,0.0,0.0,0.0,0.0,0.0,S,39627971383789161,0.8017303911460392,1,3100,2,18935,999999,655394,0,0,999999,999999,999999,999999,999999,999999,999999,999999,999999,0,999999,999999,999999,main,dark,2225,DESI J350.0135+07.5671
9010,316628,1651m025,2900,REX,165.15049258743716,4.428578e+10,-2.5141867499844444,4.6106173e+10,2251.3853,2302.4106,2309.077,2316.1602,0.0,0.04880975,0.8127678,1.052523,1.8315475,2072.0122,512.37,107.01215,0.86546636,0.9072579,0.94701433,0.00048360063,0.0002636488,0.00022549213,0.0087316865,0.009404919,0.01636179,0.9970451,0.9969853,0.99509645,4,4,4,2863.1392,697.06116,150.18484,1759.6077,407.69275,76.63367,2.5912232,-1.4004058,21.083982,-1935.0667,3.026995,0.6454691,0.0007239528,9.13315e-06,0.99176234,0.9949329,0.99891716,0.999591,0,0,0,0.5405385,0.69998986,1.218087,0.5405385,0.69998986,1.218087,0.0,0,0,0,0.0,0.0,0.0,0.0,0.0,0.0,0.0,0.0,0.0,0.0,0.0,0.0,0.0,0.0,0.0,0.0,0.0,0.0,0.0,0.0,0.0,0.0,0.0,0.0,0.0,0.0,0.0,0.0,0.0,0.0,0.0,0.0,0.0,0.0,0.0,0.0,0.0,0.0,0.0,0.0,0.0,0.0,0.0,0.0,0.0,0.0,0.0,0.0,0.0,0.0,0.0,0.0,0.0,0.0,0.0,0.0,0.0,0.0,0.0,0.0,0,0,0,0,0,0,0,0,0,0,0,0,0,0,0,0,0,0,0,0,0,0,0,0,0,0,0,0,0,0,0.0,0.0,0.0,0.0,0.0,0.0,0.0,0.0,0.0,0.0,0.0,0.0,0.0,0.0,0.0,0.0,0.0,0.0,0.0,0.0,0.0,0.0,0.0,0.0,0.0,0.0,0.0,0.0,0.0,0.0,0.2770127,0.0,0.0,2622.7058,0.0,0.0,1.0,0.0,0,,0.0,0.0,0.0,0.0,0.0,0.0,0.0,0.0,False,0.0,0,0.0,0.0,0.0,0.0,0.0,0.0,S,39627727099136852,0.5874840859728973,1,3100,2,27013,999999,655394,0,0,999999,999999,999999,999999,999999,999999,999999,999999,999999,0,999999,999999,999999,main,dark,2848,DESI J165.1504-02.5141
9010,363492,0091p057,1764,PSF,9.13115635459457,4.173022e+10,5.845410979670918,4.3527594e+10,1955.0864,1961.606,1962.5917,1961.9562,0.0,0.020325791,1.9166768,2.175627,3.0728443,269.4823,143.15779,30.493874,0.94160587,0.96027994,0.97758424,0.0,0.0,0.0,0.021430759,0.008443756,0.013480968,0.9825932,0.9948702,0.9896757,1,1,1,316.7421,179.8826,31.916029,240.6723,98.32309,17.596138,0.33340526,1.888189,8.30178,-701.42554,3.0635622,0.6257278,0.0004462461,6.129008e-06,0.9965613,0.9978868,0.9995489,0.99982965,0,0,0,1.4899528,1.691251,2.388714,1.4899528,1.691251,2.388714,0.0,0,0,0,0.0,0.0,0.0,0.0,0.0,0.0,0.0,0.0,0.0,0.0,0.0,0.0,0.0,0.0,0.0,0.0,0.0,0.0,0.0,0.0,0.0,0.0,0.0,0.0,0.0,0.0,0.0,0.0,0.0,0.0,0.0,0.0,0.0,0.0,0.0,0.0,0.0,0.0,0.0,0.0,0.0,0.0,0.0,0.0,0.0,0.0,0.0,0.0,0.0,0.0,0.0,0.0,0.0,0.0,0.0,0.0,0.0,0.0,0.0,0.0,0,0,0,0,0,0,0,0,0,0,0,0,0,0,0,0,0,0,0,0,0,0,0,0,0,0,0,0,0,0,0.0,0.0,0.0,0.0,0.0,0.0,0.0,0.0,0.0,0.0,0.0,0.0,0.0,0.0,0.0,0.0,0.0,0.0,0.0,0.0,0.0,0.0,0.0,0.0,0.0,0.0,0.0,0.0,0.0,0.0,0.0,0.0,0.0,0.0,0.0,0.0,0.0,0.0,0,,0.0,0.0,0.0,0.0,0.0,0.0,0.0,0.0,False,0.0,0,0.0,0.0,0.0,0.0,0.0,0.0,S,39627923660998372,0.3133446509014072,1,3100,2,18157,999999,655394,0,0,999999,999999,999999,999999,999999,999999,999999,999999,999999,0,999999,999999,999999,main,dark,3609,DESI J009.1311+05.8454
9010,417813,1390p152,809,PSF,138.92152078317403,1.2070133e+10,15.26031384530846,1.1714329e+10,333.0241,335.40717,336.88675,336.8391,0.0,0.04141828,0.44748095,0.5543278,0.90876,1265.1616,522.6703,72.543625,0.88461167,0.92072886,0.954854,0.0,0.0,0.0,0.074089915,0.021716615,0.113648094,0.98846585,0.9912832,0.9830412,3,3,3,784.8618,550.55975,85.03517,546.6098,310.12564,45.833595,-1.1069776,-2.1728532,-31.01712,43.36494,2.8554146,0.6206462,0.0008100005,1.0571484e-05,0.9930054,0.9956986,0.9990811,0.9996529,0,0,0,0.3478777,0.43094185,0.70648223,0.3478861,0.4309524,0.7064913,0.0,0,0,2048,0.0,0.0,0.0,0.0,0.0,0.0,0.0,0.0,0.0,0.0,0.0,0.0,0.0,0.0,0.0,0.0,0.0,0.0,0.0,0.0,0.0,0.0,0.0,0.0,0.0,0.0,0.0,0.0,0.0,0.0,0.0,0.0,0.0,0.0,0.0,0.0,0.0,0.0,0.0,0.0,0.0,0.0,0.0,0.0,0.0,0.0,0.0,0.0,0.0,0.0,0.0,0.0,0.0,0.0,0.0,0.0,0.0,0.0,0.0,0.0,0,0,0,0,0,0,0,0,0,0,0,0,0,0,0,0,0,0,0,0,0,0,0,0,0,0,0,0,0,0,0.0,0.0,0.0,0.0,0.0,0.0,0.0,0.0,0.0,0.0,0.0,0.0,0.0,0.0,0.0,0.0,0.0,0.0,0.0,0.0,0.0,0.0,0.0,0.0,0.0,0.0,0.0,0.0,0.0,0.0,0.0,0.0,0.0,0.0,0.0,0.0,0.0,0.0,0,,0.0,0.0,0.0,0.0,0.0,0.0,0.0,0.0,False,0.0,0,0.0,0.0,0.0,0.0,0.0,0.0,S,39628151499785001,0.9619731580854054,1,3200,2,4311,999999,655458,0,0,999999,999999,999999,999999,999999,999999,999999,999999,999999,0,999999,999999,999999,main,dark,3948,DESI J138.9215+15.2603
9010,303298,0683m047,4453,DEV,68.37856723428439,1.11527895e+11,-4.764589578196573,9.1041325e+10,3975.0288,4047.359,4099.781,4092.2712,4099.491,0.060865793,1.3434691,1.6265424,2.2721596,1390.577,294.49707,155.12552,0.83512396,0.8857073,0.9343651,0.0,0.0,0.0,0.007652895,0.01197844,0.10603901,0.99337035,0.98935634,0.9922361,4,3,5,2435.6846,430.704,222.51328,1352.6382,261.08884,105.83253,1.3770121,0.034153894,-49.607334,65.2139,3.3899455,0.7907424,0.0010505769,1.3156387e-05,0.98973805,0.9936853,0.9986499,0.99948996,0,0,0,0.87528574,1.0597113,1.4803383,0.87528574,1.0597113,1.4803383,0.0,0,0,0,0.0,0.0,0.0,0.0,0.0,0.0,0.0,0.0,0.0,0.0,0.0,0.0,0.0,0.0,0.0,0.0,0.0,0.0,0.0,0.0,0.0,0.0,0.0,0.0,0.0,0.0,0.0,0.0,0.0,0.0,0.0,0.0,0.0,0.0,0.0,0.0,0.0,0.0,0.0,0.0,0.0,0.0,0.0,0.0,0.0,0.0,0.0,0.0,0.0,0.0,0.0,0.0,0.0,0.0,0.0,0.0,0.0,0.0,0.0,0.0,0,0,0,0,0,0,0,0,0,0,0,0,0,0,0,0,0,0,0,0,0,0,0,0,0,0,0,0,0,0,0.0,0.0,0.0,0.0,0.0,0.0,0.0,0.0,0.0,0.0,0.0,0.0,0.0,0.0,0.0,0.0,0.0,0.0,0.0,0.0,0.0,0.0,0.0,0.0,0.0,0.0,0.0,0.0,0.0,0.0,0.28812867,0.3218715,0.34086606,2932.6133,143.69646,143.47667,4.0,0.0,0,,0.0,0.0,0.0,0.0,0.0,0.0,0.0,0.0,False,0.0,0,0.0,0.0,0.0,0.0,0.0,0.0,S,39627671189066085,0.9977725182523532,1,3100,2,22746,999999,655394,0,0,999999,999999,999999,999999,999999,999999,999999,999999,999999,0,999999,999999,999999,main,dark,4050,DESI J068.3785-04.7645
9010,299951,3091m055,5370,REX,309.17396430419484,8.074152e+10,-5.496443536029487,8.050023e+10,4289.289,4342.2573,4364.6655,4363.387,0.0,0.050953593,1.2037116,1.4535716,1.9159302,1634.1746,682.7303,159.70721,0.8599913,0.9033877,0.9447526,0.030234609,0.045566678,0.030348452,0.008809747,0.005969679,0.005971515,0.99676883,0.9978896,0.9973688,5,5,6,2274.334,879.74884,213.38046,1490.3912,560.11835,113.21778,2.5143912,4.5943675,230.14288,1872.1929,3.345509,0.7392864,0.0008104076,1.1354513e-05,0.99140203,0.9947109,0.9988696,0.99957305,0,0,0,0.83030427,1.0026543,1.3215832,0.83172864,1.0063819,1.3268262,0.0,0,0,0,0.0,0.0,0.0,0.0,0.0,0.0,0.0,0.0,0.0,0.0,0.0,0.0,0.0,0.0,0.0,0.0,0.0,0.0,0.0,0.0,0.0,0.0,0.0,0.0,0.0,0.0,0.0,0.0,0.0,0.0,0.0,0.0,0.0,0.0,0.0,0.0,0.0,0.0,0.0,0.0,0.0,0.0,0.0,0.0,0.0,0.0,0.0,0.0,0.0,0.0,0.0,0.0,0.0,0.0,0.0,0.0,0.0,0.0,0.0,0.0,0,0,0,0,0,0,0,0,0,0,0,0,0,0,0,0,0,0,0,0,0,0,0,0,0,0,0,0,0,0,0.0,0.0,0.0,0.0,0.0,0.0,0.0,0.0,0.0,0.0,0.0,0.0,0.0,0.0,0.0,0.0,0.0,0.0,0.0,0.0,0.0,0.0,0.0,0.0,0.0,0.0,0.0,0.0,0.0,0.0,0.24154492,0.0,0.0,3640.7937,0.0,0.0,1.0,0.0,0,,0.0,0.0,0.0,0.0,0.0,0.0,0.0,0.0,False,0.0,0,0.0,0.0,0.0,0.0,0.0,0.0,S,39627657150731514,0.4143214194697936,1,3100,2,49087,999999,655394,0,0,999999,999999,999999,999999,999999,999999,999999,999999,999999,0,999999,999999,999999,main,dark,4439,DESI J309.1739-05.4964
9011,508793,2244p325,680,REX,224.3771661635343,1.0816672e+10,32.42437119506817,1.1161622e+10,771.0391,792.9243,800.14514,797.11523,0.0,0.018059276,0.9865644,1.1317735,1.4638844,493.6103,136.24586,66.06368,0.9479447,0.96462977,0.98005867,0.05799976,0.1137313,0.016215265,0.011882889,0.019372543,0.010310014,0.9962963,0.99407554,0.9985383,3,3,3,772.16565,188.80174,111.44677,535.8093,132.77478,59.92505,0.029615484,-2.2341123,-23.593685,503.08707,4.698022,1.1807249,0.0031385864,3.8468468e-05,0.9969442,0.9981222,0.9995992,0.99984866,0,0,0,0.60983735,0.6995973,0.90488917,0.6196736,0.71682596,0.91125846,0.0,0,0,0,0.0,0.0,0.0,0.0,0.0,0.0,0.0,0.0,0.0,0.0,0.0,0.0,0.0,0.0,0.0,0.0,0.0,0.0,0.0,0.0,0.0,0.0,0.0,0.0,0.0,0.0,0.0,0.0,0.0,0.0,0.0,0.0,0.0,0.0,0.0,0.0,0.0,0.0,0.0,0.0,0.0,0.0,0.0,0.0,0.0,0.0,0.0,0.0,0.0,0.0,0.0,0.0,0.0,0.0,0.0,0.0,0.0,0.0,0.0,0.0,0,0,0,0,0,0,0,0,0,0,0,0,0,0,0,0,0,0,0,0,0,0,0,0,0,0,0,0,0,0,0.0,0.0,0.0,0.0,0.0,0.0,0.0,0.0,0.0,0.0,0.0,0.0,0.0,0.0,0.0,0.0,0.0,0.0,0.0,0.0,0.0,0.0,0.0,0.0,0.0,0.0,0.0,0.0,0.0,0.0,0.3462289,0.0,0.0,665.8726,0.0,0.0,1.0,0.0,0,,0.0,0.0,0.0,0.0,0.0,0.0,0.0,0.0,False,0.0,0,0.0,0.0,0.0,0.0,0.0,0.0,N,39632931144073896,0.060282776972162,1,3100,2,9161,999999,2594,0,0,999999,999999,999999,999999,999999,999999,999999,999999,999999,0,999999,999999,999999,main,dark,5331,DESI J224.3771+32.4243
9010,439281,3487p190,3792,PSF,348.8546006251454,1.867935e+11,19.024713328715386,1.7692166e+11,9166.605,9192.075,9194.758,9194.131,0.0,0.14386268,1.1442618,2.9773355,3.1735098,2895.727,475.1373,115.69754,0.653206,0.750611,0.8517515,0.0,0.0,0.0,0.010163873,0.00960985,0.018353375,0.99229085,0.9930911,0.992497,4,3,6,3481.167,578.0348,117.22053,2281.0325,381.29092,83.78453,2.3069623,2.979179,-29.803873,42.65065,3.7160347,0.78858626,0.0008628872,1.1004578e-05,0.97591436,0.9851388,0.9968118,0.998795,0,0,0,0.8909442,2.3182104,2.4709556,0.8910345,2.3184047,2.4713466,0.0,0,0,0,0.0,0.0,0.0,0.0,0.0,0.0,0.0,0.0,0.0,0.0,0.0,0.0,0.0,0.0,0.0,0.0,0.0,0.0,0.0,0.0,0.0,0.0,0.0,0.0,0.0,0.0,0.0,0.0,0.0,0.0,0.0,0.0,0.0,0.0,0.0,0.0,0.0,0.0,0.0,0.0,0.0,0.0,0.0,0.0,0.0,0.0,0.0,0.0,0.0,0.0,0.0,0.0,0.0,0.0,0.0,0.0,0.0,0.0,0.0,0.0,0,0,0,0,0,0,0,0,0,0,0,0,0,0,0,0,0,0,0,0,0,0,0,0,0,0,0,0,0,0,0.0,0.0,0.0,0.0,0.0,0.0,0.0,0.0,0.0,0.0,0.0,0.0,0.0,0.0,0.0,0.0,0.0,0.0,0.0,0.0,0.0,0.0,0.0,0.0,0.0,0.0,0.0,0.0,0.0,0.0,0.0,0.0,0.0,0.0,0.0,0.0,0.0,0.0,0,,0.0,0.0,0.0,0.0,0.0,0.0,0.0,0.0,False,0.0,0,0.0,0.0,0.0,0.0,0.0,0.0,S,39628241543106256,0.5582911944639039,1,3400,4,20031,999999,4611686018427650052,0,0,999999,999999,999999,999999,999999,999999,999999,999999,999999,67108864,999999,999999,999999,main,dark,5418,DESI J348.8546+19.0247
9010,391133,1435p105,3017,PSF,143.6098686975613,3.9296807e+10,10.529434557977732,3.818175e+10,1351.0906,1351.0619,1351.0409,1351.0605,0.0,0.032001387,0.7026656,1.0089248,1.0158489,1800.6816,399.84946,52.2668,0.90961796,0.93818134,0.964936,0.0,0.0,0.0,0.010519815,0.01102356,0.01604482,0.98706216,0.98734844,0.66132337,4,3,2,2035.4248,437.61386,52.522804,1167.6422,253.90604,28.64665,2.4810965,2.1035614,36.989937,-629.30914,2.8741243,0.6565889,0.00073074846,9.478596e-06,0.9945914,0.99667495,0.99928993,0.99973184,0,0,0,0.54667115,0.78493965,0.7903265,0.54725385,0.7860481,0.79208815,0.0,0,0,0,0.0,0.0,0.0,0.0,0.0,0.0,0.0,0.0,0.0,0.0,0.0,0.0,0.0,0.0,0.0,0.0,0.0,0.0,0.0,0.0,0.0,0.0,0.0,0.0,0.0,0.0,0.0,0.0,0.0,0.0,0.0,0.0,0.0,0.0,0.0,0.0,0.0,0.0,0.0,0.0,0.0,0.0,0.0,0.0,0.0,0.0,0.0,0.0,0.0,0.0,0.0,0.0,0.0,0.0,0.0,0.0,0.0,0.0,0.0,0.0,0,0,0,0,0,0,0,0,0,0,0,0,0,0,0,0,0,0,0,0,0,0,0,0,0,0,0,0,0,0,0.0,0.0,0.0,0.0,0.0,0.0,0.0,0.0,0.0,0.0,0.0,0.0,0.0,0.0,0.0,0.0,0.0,0.0,0.0,0.0,0.0,0.0,0.0,0.0,0.0,0.0,0.0,0.0,0.0,0.0,0.0,0.0,0.0,0.0,0.0,0.0,0.0,0.0,0,,0.0,0.0,0.0,0.0,0.0,0.0,0.0,0.0,False,0.0,0,0.0,0.0,0.0,0.0,0.0,0.0,S,39628039595756489,0.6072754052847992,1,3400,4,4188,999999,262148,0,0,999999,999999,999999,999999,999999,999999,999999,999999,999999,0,999999,999999,999999,main,dark,5670,DESI J143.6098+10.5294
0,0,,0,,235.2636244675894,0.0,2.083808204713324,0.0,0.0,0.0,0.0,0.0,0.0,0.0,2.1245944,4.4922733,4.081853,0.0,0.0,0.0,0.0,0.0,0.0,0.0,0.0,0.0,0.0,0.0,0.0,0.0,0.0,0.0,0,0,0,0.0,0.0,0.0,0.0,0.0,0.0,0.0,0.0,0.0,0.0,0.0,0.0,0.0,0.0,0.0,0.0,0.0,0.0,0,0,0,0.0,0.0,0.0,0.0,0.0,0.0,2015.5,0,0,0,0.0,0.0,0.0,0.0,0.0,0.0,0.0,0.0,0.0,0.0,0.0,0.0,0.0,0.0,0.0,0.0,0.0,0.0,0.0,0.0,0.0,0.0,0.0,0.0,0.0,0.0,0.0,0.0,0.0,0.0,0.0,0.0,0.0,0.0,0.0,0.0,0.0,0.0,0.0,0.0,0.0,0.0,0.0,0.0,0.0,0.0,0.0,0.0,0.0,0.0,0.0,0.0,0.0,0.0,0.0,0.0,0.0,0.0,0.0,0.0,0,0,0,0,0,0,0,0,0,0,0,0,0,0,0,0,0,0,0,0,0,0,0,0,0,0,0,0,0,0,0.0,0.0,0.0,0.0,0.0,0.0,0.0,0.0,0.0,0.0,0.0,0.0,0.0,0.0,0.0,0.0,0.0,0.0,0.0,0.0,0.0,0.0,0.0,0.0,0.0,0.0,0.0,0.0,0.0,0.0,0.0,0.0,0.0,0.0,0.0,0.0,0.0,0.0,0,,0.0,0.0,0.0,0.0,0.0,0.0,0.0,0.0,False,0.0,0,0.0,0.0,0.0,0.0,0.0,0.0,,39627836994093434,0.618325330494646,1,90,1,0,999999,4611686018427387904,0,0,999999,999999,999999,999999,999999,999999,999999,999999,999999,67108864,999999,999999,999999,main,dark,5797,DESI J235.2636+02.0838
9010,464729,3369p237,5990,PSF,337.0870248466391,9.208894e+09,23.807622575234873,8.128557e+09,434.71802,435.91696,436.90344,437.4553,0.0,0.054757565,0.42148763,0.42850316,0.6732751,1792.855,412.95187,81.69925,0.85036165,0.8965612,0.9407526,0.0,0.0,0.0,0.027759781,0.12880278,0.19460827,0.9849937,0.60604626,0.98734003,3,3,4,1948.082,476.5213,83.76314,1287.6227,312.91937,51.380054,-0.14075805,-0.39031687,5.397482,-429.1922,4.0355825,0.8880367,0.0011706204,1.4415454e-05,0.9907631,0.99431723,0.9987853,0.99954116,0,0,0,0.3283633,0.33382878,0.52452034,0.3283633,0.33382878,0.52452034,0.0,0,0,0,0.0,0.0,0.0,0.0,0.0,0.0,0.0,0.0,0.0,0.0,0.0,0.0,0.0,0.0,0.0,0.0,0.0,0.0,0.0,0.0,0.0,0.0,0.0,0.0,0.0,0.0,0.0,0.0,0.0,0.0,0.0,0.0,0.0,0.0,0.0,0.0,0.0,0.0,0.0,0.0,0.0,0.0,0.0,0.0,0.0,0.0,0.0,0.0,0.0,0.0,0.0,0.0,0.0,0.0,0.0,0.0,0.0,0.0,0.0,0.0,0,0,0,0,0,0,0,0,0,0,0,0,0,0,0,0,0,0,0,0,0,0,0,0,0,0,0,0,0,0,0.0,0.0,0.0,0.0,0.0,0.0,0.0,0.0,0.0,0.0,0.0,0.0,0.0,0.0,0.0,0.0,0.0,0.0,0.0,0.0,0.0,0.0,0.0,0.0,0.0,0.0,0.0,0.0,0.0,0.0,0.0,0.0,0.0,0.0,0.0,0.0,0.0,0.0,0,,0.0,0.0,0.0,0.0,0.0,0.0,0.0,0.0,False,0.0,0,0.0,0.0,0.0,0.0,0.0,0.0,S,39628348279756646,0.9218249904064966,1,3100,2,13327,999999,655394,0,0,999999,999999,999999,999999,999999,999999,999999,999999,999999,0,999999,999999,999999,main,dark,6023,DESI J337.0870+23.8076
9010,433483,2622p180,5582,REX,262.2891961035304,1.2238404e+10,17.91090865643475,1.0812841e+10,494.3031,500.05103,504.62872,503.75693,0.0,0.057640985,0.38622314,0.50736845,0.7744207,1543.4136,652.5736,167.82591,0.8431343,0.8914211,0.9377319,3.4361045,4.2275896,2.9332573,0.00015771521,0.0001436962,0.00074385235,1.0000001,0.99999994,0.99999994,3,3,5,2107.405,868.5106,204.58803,1225.3052,498.75903,113.4612,2.2881997,-2.714771,-121.69103,392.46533,2.5838497,0.8151564,0.0012645507,1.538401e-05,0.99027914,0.99401885,0.99872136,0.999517,0,0,0,0.2739887,0.35992977,0.549378,0.2739887,0.35992977,0.549378,0.0,0,0,0,0.0,0.0,0.0,0.0,0.0,0.0,0.0,0.0,0.0,0.0,0.0,0.0,0.0,0.0,0.0,0.0,0.0,0.0,0.0,0.0,0.0,0.0,0.0,0.0,0.0,0.0,0.0,0.0,0.0,0.0,0.0,0.0,0.0,0.0,0.0,0.0,0.0,0.0,0.0,0.0,0.0,0.0,0.0,0.0,0.0,0.0,0.0,0.0,0.0,0.0,0.0,0.0,0.0,0.0,0.0,0.0,0.0,0.0,0.0,0.0,0,0,0,0,0,0,0,0,0,0,0,0,0,0,0,0,0,0,0,0,0,0,0,0,0,0,0,0,0,0,0.0,0.0,0.0,0.0,0.0,0.0,0.0,0.0,0.0,0.0,0.0,0.0,0.0,0.0,0.0,0.0,0.0,0.0,0.0,0.0,0.0,0.0,0.0,0.0,0.0,0.0,0.0,0.0,0.0,0.0,0.20984623,0.0,0.0,567.578,0.0,0.0,1.0,0.0,0,,0.0,0.0,0.0,0.0,0.0,0.0,0.0,0.0,False,0.0,0,0.0,0.0,0.0,0.0,0.0,0.0,S,39628217224533454,0.22013409404026907,1,3100,2,32353,999999,655394,0,0,999999,999999,999999,999999,999999,999999,999999,999999,999999,0,999999,999999,999999,main,dark,6107,DESI J262.2891+17.9109
9010,484362,0170p277,3972,REX,17.181182572630032,8.954844e+10,27.74546877772374,7.585236e+10,8310.628,8588.412,8614.172,8619.232,0.0,0.05817182,2.6253052,2.9320061,3.5985904,845.84064,256.61398,41.37513,0.84181046,0.890478,0.9371769,4.4411157e-05,0.00018333945,0.00018773758,0.0055584065,0.007877286,0.007389947,0.9984691,0.9975671,0.99778086,3,3,3,1319.938,404.73087,62.485897,982.3951,284.34186,42.10489,2.1332836,3.1311984,14.8114605,701.91064,3.510468,0.7444695,0.001696231,2.3039804e-05,0.99019,0.99396396,0.9987096,0.99951255,0,0,0,1.4261482,1.5927577,1.9548672,1.4261482,1.5927577,1.9548672,0.0,0,0,0,0.0,0.0,0.0,0.0,0.0,0.0,0.0,0.0,0.0,0.0,0.0,0.0,0.0,0.0,0.0,0.0,0.0,0.0,0.0,0.0,0.0,0.0,0.0,0.0,0.0,0.0,0.0,0.0,0.0,0.0,0.0,0.0,0.0,0.0,0.0,0.0,0.0,0.0,0.0,0.0,0.0,0.0,0.0,0.0,0.0,0.0,0.0,0.0,0.0,0.0,0.0,0.0,0.0,0.0,0.0,0.0,0.0,0.0,0.0,0.0,0,0,0,0,0,0,0,0,0,0,0,0,0,0,0,0,0,0,0,0,0,0,0,0,0,0,0,0,0,0,0.0,0.0,0.0,0.0,0.0,0.0,0.0,0.0,0.0,0.0,0.0,0.0,0.0,0.0,0.0,0.0,0.0,0.0,0.0,0.0,0.0,0.0,0.0,0.0,0.0,0.0,0.0,0.0,0.0,0.0,0.45358646,0.0,0.0,5122.2095,0.0,0.0,1.0,0.0,0,,0.0,0.0,0.0,0.0,0.0,0.0,0.0,0.0,False,0.0,0,0.0,0.0,0.0,0.0,0.0,0.0,S,39628430626525060,0.4658277142509525,1,3200,2,2188,999999,655458,0,0,999999,999999,999999,999999,999999,999999,999999,999999,999999,0,999999,999999,999999,main,dark,6514,DESI J017.1811+27.7454
9011,547794,1335p410,1510,PSF,133.5328371668013,2.5206282e+10,40.97188351402763,2.81857e+10,1060.3037,1062.9839,1062.83,1063.0957,0.0,0.02718674,0.8716206,1.074586,1.3673126,624.6713,298.8999,128.39815,0.92267495,0.9472318,0.9701318,0.019068558,0.0037173035,0.0024576357,0.014722452,0.005406295,0.014862032,0.99936,0.9996532,0.66619825,3,3,2,674.4637,314.54132,126.1887,493.0976,185.6162,55.83033,0.21080008,2.2503707,108.72358,951.5968,3.4609082,0.7626764,0.0009399229,1.2133449e-05,0.99540323,0.9971745,0.99939674,0.9997722,0,0,0,0.6779472,0.835814,1.0634968,0.67800456,0.8359138,1.0636563,0.0,0,0,0,0.0,0.0,0.0,0.0,0.0,0.0,0.0,0.0,0.0,0.0,0.0,0.0,0.0,0.0,0.0,0.0,0.0,0.0,0.0,0.0,0.0,0.0,0.0,0.0,0.0,0.0,0.0,0.0,0.0,0.0,0.0,0.0,0.0,0.0,0.0,0.0,0.0,0.0,0.0,0.0,0.0,0.0,0.0,0.0,0.0,0.0,0.0,0.0,0.0,0.0,0.0,0.0,0.0,0.0,0.0,0.0,0.0,0.0,0.0,0.0,0,0,0,0,0,0,0,0,0,0,0,0,0,0,0,0,0,0,0,0,0,0,0,0,0,0,0,0,0,0,0.0,0.0,0.0,0.0,0.0,0.0,0.0,0.0,0.0,0.0,0.0,0.0,0.0,0.0,0.0,0.0,0.0,0.0,0.0,0.0,0.0,0.0,0.0,0.0,0.0,0.0,0.0,0.0,0.0,0.0,0.0,0.0,0.0,0.0,0.0,0.0,0.0,0.0,0,,0.0,0.0,0.0,0.0,0.0,0.0,0.0,0.0,False,0.0,0,0.0,0.0,0.0,0.0,0.0,0.0,N,39633094726125030,0.4135552432819082,1,3200,2,6484,999999,2658,0,0,999999,999999,999999,999999,999999,999999,999999,999999,999999,0,999999,999999,999999,main,dark,6669,DESI J133.5328+40.9718
9010,301478,3320m052,5931,PSF,332.15717839803335,8.625786e+10,-5.307298186019781,8.798749e+10,3642.0654,3657.0361,3660.622,3659.8264,0.0,0.07498448,0.86327195,1.7998382,2.1813612,2028.4546,399.02267,176.0503,0.8009399,0.8611195,0.91976637,0.0,0.0,0.0,0.08884886,0.009859351,0.020319197,0.99308884,0.9930463,0.9881075,5,3,5,2141.5083,484.03854,180.30269,1313.2653,283.5752,125.09362,4.137133,9.651384,40.33322,1605.539,2.8692312,0.6125619,0.0005799166,7.9593365e-06,0.98737276,0.99222624,0.998337,0.9993717,0,0,0,0.6725178,1.4021342,1.6993533,0.6725178,1.4021342,1.6993533,0.0,0,0,0,0.0,0.0,0.0,0.0,0.0,0.0,0.0,0.0,0.0,0.0,0.0,0.0,0.0,0.0,0.0,0.0,0.0,0.0,0.0,0.0,0.0,0.0,0.0,0.0,0.0,0.0,0.0,0.0,0.0,0.0,0.0,0.0,0.0,0.0,0.0,0.0,0.0,0.0,0.0,0.0,0.0,0.0,0.0,0.0,0.0,0.0,0.0,0.0,0.0,0.0,0.0,0.0,0.0,0.0,0.0,0.0,0.0,0.0,0.0,0.0,0,0,0,0,0,0,0,0,0,0,0,0,0,0,0,0,0,0,0,0,0,0,0,0,0,0,0,0,0,0,0.0,0.0,0.0,0.0,0.0,0.0,0.0,0.0,0.0,0.0,0.0,0.0,0.0,0.0,0.0,0.0,0.0,0.0,0.0,0.0,0.0,0.0,0.0,0.0,0.0,0.0,0.0,0.0,0.0,0.0,0.0,0.0,0.0,0.0,0.0,0.0,0.0,0.0,0,,0.0,0.0,0.0,0.0,0.0,0.0,0.0,0.0,False,0.0,0,0.0,0.0,0.0,0.0,0.0,0.0,S,39627663555434283,0.5005513557218341,1,3400,4,18623,999999,262148,0,0,999999,999999,999999,999999,999999,999999,999999,999999,999999,0,999999,999999,999999,main,dark,8105,DESI J332.1571-05.3072
9010,304345,3307m047,1925,REX,330.74613847629615,9.223963e+10,-4.658310283331026,1.07128545e+11,5727.2153,5812.1885,5832.0396,5824.0225,0.0,0.063106485,1.4880618,1.7312132,2.2776334,1857.0278,397.98276,102.72531,0.82960296,0.88175875,0.9320328,0.0014808018,0.001244257,0.0023403696,0.0063048964,0.0062457593,0.010270515,0.99838454,0.998262,0.9971072,5,3,4,2778.3481,551.0374,121.63519,1771.0093,346.0351,85.06475,1.4770474,1.6210798,-100.56843,-1137.6611,2.868809,0.61422604,0.00065068726,8.800653e-06,0.9893623,0.9934536,0.9986002,0.99947125,0,0,0,0.9953804,1.1580269,1.5235333,0.9953804,1.1580269,1.5235333,0.0,0,0,0,0.0,0.0,0.0,0.0,0.0,0.0,0.0,0.0,0.0,0.0,0.0,0.0,0.0,0.0,0.0,0.0,0.0,0.0,0.0,0.0,0.0,0.0,0.0,0.0,0.0,0.0,0.0,0.0,0.0,0.0,0.0,0.0,0.0,0.0,0.0,0.0,0.0,0.0,0.0,0.0,0.0,0.0,0.0,0.0,0.0,0.0,0.0,0.0,0.0,0.0,0.0,0.0,0.0,0.0,0.0,0.0,0.0,0.0,0.0,0.0,0,0,0,0,0,0,0,0,0,0,0,0,0,0,0,0,0,0,0,0,0,0,0,0,0,0,0,0,0,0,0.0,0.0,0.0,0.0,0.0,0.0,0.0,0.0,0.0,0.0,0.0,0.0,0.0,0.0,0.0,0.0,0.0,0.0,0.0,0.0,0.0,0.0,0.0,0.0,0.0,0.0,0.0,0.0,0.0,0.0,0.27356634,0.0,0.0,4770.8374,0.0,0.0,1.0,0.0,0,,0.0,0.0,0.0,0.0,0.0,0.0,0.0,0.0,False,0.0,0,0.0,0.0,0.0,0.0,0.0,0.0,S,39627675580499845,0.5532446177197876,1,3200,2,18965,999999,655458,0,0,999999,999999,999999,999999,999999,999999,999999,999999,999999,0,999999,999999,999999,main,dark,8105,DESI J330.7461-04.6583
0,0,,0,,15.998116615617361,0.0,0.7626257253816355,0.0,0.0,0.0,0.0,0.0,0.0,0.0,0.26537633,0.71690464,0.5401124,0.0,0.0,0.0,0.0,0.0,0.0,0.0,0.0,0.0,0.0,0.0,0.0,0.0,0.0,0.0,0,0,0,0.0,0.0,0.0,0.0,0.0,0.0,0.0,0.0,0.0,0.0,0.0,0.0,0.0,0.0,0.0,0.0,0.0,0.0,0,0,0,0.0,0.0,0.0,0.0,0.0,0.0,2015.5,0,0,0,0.0,0.0,0.0,0.0,0.0,0.0,0.0,0.0,0.0,0.0,0.0,0.0,0.0,0.0,0.0,0.0,0.0,0.0,0.0,0.0,0.0,0.0,0.0,0.0,0.0,0.0,0.0,0.0,0.0,0.0,0.0,0.0,0.0,0.0,0.0,0.0,0.0,0.0,0.0,0.0,0.0,0.0,0.0,0.0,0.0,0.0,0.0,0.0,0.0,0.0,0.0,0.0,0.0,0.0,0.0,0.0,0.0,0.0,0.0,0.0,0,0,0,0,0,0,0,0,0,0,0,0,0,0,0,0,0,0,0,0,0,0,0,0,0,0,0,0,0,0,0.0,0.0,0.0,0.0,0.0,0.0,0.0,0.0,0.0,0.0,0.0,0.0,0.0,0.0,0.0,0.0,0.0,0.0,0.0,0.0,0.0,0.0,0.0,0.0,0.0,0.0,0.0,0.0,0.0,0.0,0.0,0.0,0.0,0.0,0.0,0.0,0.0,0.0,0,,0.0,0.0,0.0,0.0,0.0,0.0,0.0,0.0,False,0.0,0,0.0,0.0,0.0,0.0,0.0,0.0,,39627803112515232,0.6907249501653142,1,90,1,0,999999,4611686018427387904,0,0,999999,999999,999999,999999,999999,999999,999999,999999,999999,67108864,999999,999999,999999,main,dark,8980,DESI J015.9981+00.7626
9010,333437,0473p005,3000,PSF,47.445808826128186,1.7247506e+11,0.472868596726176,1.620046e+11,7644.8247,7652.747,7655.836,7655.3315,0.0,0.12042218,1.6606258,2.1560795,3.1776109,1664.7661,465.88947,102.51637,0.7001406,0.78652835,0.8743141,0.04522236,0.054874834,0.016766423,0.00753835,0.0078122374,0.010269873,0.99996364,0.9999668,0.9999652,3,3,3,2067.4136,522.92413,107.40054,1365.3429,354.5201,57.67215,4.091681,2.0269125,109.69096,1989.4084,3.0393548,0.65182936,0.0012596596,9.535e-06,0.97979885,0.9875451,0.99733055,0.9989912,0,0,0,1.2913858,1.6766753,2.4710693,1.2928878,1.6786664,2.4741802,0.0,0,0,0,0.0,0.0,0.0,0.0,0.0,0.0,0.0,0.0,0.0,0.0,0.0,0.0,0.0,0.0,0.0,0.0,0.0,0.0,0.0,0.0,0.0,0.0,0.0,0.0,0.0,0.0,0.0,0.0,0.0,0.0,0.0,0.0,0.0,0.0,0.0,0.0,0.0,0.0,0.0,0.0,0.0,0.0,0.0,0.0,0.0,0.0,0.0,0.0,0.0,0.0,0.0,0.0,0.0,0.0,0.0,0.0,0.0,0.0,0.0,0.0,0,0,0,0,0,0,0,0,0,0,0,0,0,0,0,0,0,0,0,0,0,0,0,0,0,0,0,0,0,0,0.0,0.0,0.0,0.0,0.0,0.0,0.0,0.0,0.0,0.0,0.0,0.0,0.0,0.0,0.0,0.0,0.0,0.0,0.0,0.0,0.0,0.0,0.0,0.0,0.0,0.0,0.0,0.0,0.0,0.0,0.0,0.0,0.0,0.0,0.0,0.0,0.0,0.0,0,,0.0,0.0,0.0,0.0,0.0,0.0,0.0,0.0,False,0.0,0,0.0,0.0,0.0,0.0,0.0,0.0,S,39627797601192888,0.8777542693693764,1,3400,4,23212,999999,917542,0,0,999999,999999,999999,999999,999999,999999,999999,999999,999999,0,999999,999999,999999,main,dark,9495,DESI J047.4458+00.4728
9010,355649,2026p042,1044,PSF,202.5823253789322,1.4382377e+10,4.233193824556718,1.4523811e+10,541.38544,544.8764,545.46063,545.1647,0.0,0.030869842,0.45038876,0.57704145,0.9714495,1519.1125,457.45316,87.36578,0.9126699,0.9403006,0.96615463,0.0,0.0,0.0,0.01924105,0.016526714,0.018779885,0.9877022,0.9889643,0.9875391,3,3,3,1620.0793,475.76675,87.82165,1003.9767,268.60577,51.477604,-0.10625454,2.0245748,-22.89314,-364.03085,3.4627995,0.7124071,0.001568738,2.0802856e-05,0.99478215,0.9967923,0.999315,0.9997413,0,0,0,0.34984663,0.44822615,0.75458884,0.34984663,0.44822615,0.75458884,0.0,0,0,0,0.0,0.0,0.0,0.0,0.0,0.0,0.0,0.0,0.0,0.0,0.0,0.0,0.0,0.0,0.0,0.0,0.0,0.0,0.0,0.0,0.0,0.0,0.0,0.0,0.0,0.0,0.0,0.0,0.0,0.0,0.0,0.0,0.0,0.0,0.0,0.0,0.0,0.0,0.0,0.0,0.0,0.0,0.0,0.0,0.0,0.0,0.0,0.0,0.0,0.0,0.0,0.0,0.0,0.0,0.0,0.0,0.0,0.0,0.0,0.0,0,0,0,0,0,0,0,0,0,0,0,0,0,0,0,0,0,0,0,0,0,0,0,0,0,0,0,0,0,0,0.0,0.0,0.0,0.0,0.0,0.0,0.0,0.0,0.0,0.0,0.0,0.0,0.0,0.0,0.0,0.0,0.0,0.0,0.0,0.0,0.0,0.0,0.0,0.0,0.0,0.0,0.0,0.0,0.0,0.0,0.0,0.0,0.0,0.0,0.0,0.0,0.0,0.0,0,,0.0,0.0,0.0,0.0,0.0,0.0,0.0,0.0,False,0.0,0,0.0,0.0,0.0,0.0,0.0,0.0,S,39627890765071380,0.6943858985000431,1,3100,2,26383,999999,655394,0,0,999999,999999,999999,999999,999999,999999,999999,999999,999999,0,999999,999999,999999,main,dark,9918,DESI J202.5823+04.2331
9010,335603,2288p007,2767,EXP,228.8496873789687,8.893971e+10,0.6716012239966447,4.2517283e+10,5791.946,6530.271,6735.366,6802.7383,6802.712,0.05196559,2.3269088,2.8468645,3.7488234,670.1189,321.19363,41.392494,0.8574189,0.90156657,0.9436868,0.0029320354,0.0039360416,0.0058980673,0.0077711456,0.015198006,0.007936504,0.99872226,0.998713,0.99839824,5,5,3,1445.5256,699.0698,108.47459,995.1952,459.54248,59.000008,-0.010809141,2.913419,-39.318855,-1082.8921,3.0410602,0.61355716,0.0014372942,1.9455229e-05,0.99123204,0.9946062,0.9988472,0.9995645,0,0,0,0.9683974,1.1847891,1.5601603,0.9683981,1.1847907,1.5601648,0.0,0,0,0,0.0,0.0,0.0,0.0,0.0,0.0,0.0,0.0,0.0,0.0,0.0,0.0,0.0,0.0,0.0,0.0,0.0,0.0,0.0,0.0,0.0,0.0,0.0,0.0,0.0,0.0,0.0,0.0,0.0,0.0,0.0,0.0,0.0,0.0,0.0,0.0,0.0,0.0,0.0,0.0,0.0,0.0,0.0,0.0,0.0,0.0,0.0,0.0,0.0,0.0,0.0,0.0,0.0,0.0,0.0,0.0,0.0,0.0,0.0,0.0,0,0,0,0,0,0,0,0,0,0,0,0,0,0,0,0,0,0,0,0,0,0,0,0,0,0,0,0,0,0,0.0,0.0,0.0,0.0,0.0,0.0,0.0,0.0,0.0,0.0,0.0,0.0,0.0,0.0,0.0,0.0,0.0,0.0,0.0,0.0,0.0,0.0,0.0,0.0,0.0,0.0,0.0,0.0,0.0,0.0,0.968848,0.41464466,0.20420471,2309.0193,1559.307,1343.7328,1.0,0.0,0,,0.0,0.0,0.0,0.0,0.0,0.0,0.0,0.0,False,0.0,0,0.0,0.0,0.0,0.0,0.0,0.0,S,39627806686055119,0.69492291686209,1,3100,2,31399,999999,655394,0,0,999999,999999,999999,999999,999999,999999,999999,999999,999999,0,999999,999999,999999,main,dark,10481,DESI J228.8496+00.6716
9010,460434,2484p230,889,REX,248.36707442449818,3.7604728e+09,23.08492488660259,3.1517294e+09,234.18121,238.24625,237.98824,238.40105,0.0,0.049631894,0.37850758,0.438489,0.53231955,1070.9772,335.36737,70.452286,0.8633626,0.9057718,0.9461463,0.10652097,0.13339797,0.11552907,0.011746703,0.007891905,0.014631744,0.994769,0.9968222,0.9922274,3,3,4,1381.1515,442.52563,91.649315,936.7516,283.26257,57.47826,-0.29211602,1.6608015,-62.924557,-49.680527,4.7690396,1.145668,0.0012623322,1.5663445e-05,0.9916241,0.9948478,0.9988989,0.9995841,0,0,0,0.24650839,0.2855721,0.34668058,0.24789602,0.2885375,0.34950146,0.0,0,0,0,0.0,0.0,0.0,0.0,0.0,0.0,0.0,0.0,0.0,0.0,0.0,0.0,0.0,0.0,0.0,0.0,0.0,0.0,0.0,0.0,0.0,0.0,0.0,0.0,0.0,0.0,0.0,0.0,0.0,0.0,0.0,0.0,0.0,0.0,0.0,0.0,0.0,0.0,0.0,0.0,0.0,0.0,0.0,0.0,0.0,0.0,0.0,0.0,0.0,0.0,0.0,0.0,0.0,0.0,0.0,0.0,0.0,0.0,0.0,0.0,0,0,0,0,0,0,0,0,0,0,0,0,0,0,0,0,0,0,0,0,0,0,0,0,0,0,0,0,0,0,0.0,0.0,0.0,0.0,0.0,0.0,0.0,0.0,0.0,0.0,0.0,0.0,0.0,0.0,0.0,0.0,0.0,0.0,0.0,0.0,0.0,0.0,0.0,0.0,0.0,0.0,0.0,0.0,0.0,0.0,0.29814178,0.0,0.0,181.0557,0.0,0.0,1.0,0.0,0,,0.0,0.0,0.0,0.0,0.0,0.0,0.0,0.0,False,0.0,0,0.0,0.0,0.0,0.0,0.0,0.0,S,39628330265215865,0.6095725768188124,1,3100,2,9229,999999,655394,0,0,999999,999999,999999,999999,999999,999999,999999,999999,999999,0,999999,999999,999999,main,dark,10630,DESI J248.3670+23.0849
9011,566696,1182p455,5209,PSF,118.41945284964747,3.295891e+09,45.5045689244614,3.6077458e+09,172.99251,173.18208,0.0,0.0,0.0,0.05607123,0.2617079,0.3399334,0.45811266,1578.4,289.01224,151.73033,0.8470613,0.89421576,0.9393752,0.004256285,0.02583646,0.0012588637,0.019249642,0.04360224,0.010174851,0.99261785,0.9854582,0.99486995,4,4,3,1659.6841,284.5568,147.0202,1124.3359,219.11937,73.486084,0.5556077,0.87251043,41.36193,1206.0476,3.4565382,0.795231,0.0009178436,1.2311046e-05,0.9905426,0.9941813,0.9987562,0.99953014,0,0,0,0.20341277,0.26421365,0.3560686,0.20341277,0.26421368,0.3560689,0.0,0,0,0,0.0,0.0,0.0,0.0,0.0,0.0,0.0,0.0,0.0,0.0,0.0,0.0,0.0,0.0,0.0,0.0,0.0,0.0,0.0,0.0,0.0,0.0,0.0,0.0,0.0,0.0,0.0,0.0,0.0,0.0,0.0,0.0,0.0,0.0,0.0,0.0,0.0,0.0,0.0,0.0,0.0,0.0,0.0,0.0,0.0,0.0,0.0,0.0,0.0,0.0,0.0,0.0,0.0,0.0,0.0,0.0,0.0,0.0,0.0,0.0,0,0,0,0,0,0,0,0,0,0,0,0,0,0,0,0,0,0,0,0,0,0,0,0,0,0,0,0,0,0,0.0,0.0,0.0,0.0,0.0,0.0,0.0,0.0,0.0,0.0,0.0,0.0,0.0,0.0,0.0,0.0,0.0,0.0,0.0,0.0,0.0,0.0,0.0,0.0,0.0,0.0,0.0,0.0,0.0,0.0,0.0,0.0,0.0,0.0,0.0,0.0,0.0,0.0,0,,0.0,0.0,0.0,0.0,0.0,0.0,0.0,0.0,False,0.0,0,0.0,0.0,0.0,0.0,0.0,0.0,N,39633174006862937,0.4993941386687659,1,3200,2,6583,999999,2658,0,0,999999,999999,999999,999999,999999,999999,999999,999999,999999,0,999999,999999,999999,main,dark,11324,DESI J118.4194+45.5045
9010,484362,0170p277,3972,REX,17.181182572630032,8.954844e+10,27.74546877772374,7.585236e+10,8310.628,8588.412,8614.172,8619.232,0.0,0.05817182,2.6253052,2.9320061,3.5985904,845.84064,256.61398,41.37513,0.84181046,0.890478,0.9371769,4.4411157e-05,0.00018333945,0.00018773758,0.0055584065,0.007877286,0.007389947,0.9984691,0.9975671,0.99778086,3,3,3,1319.938,404.73087,62.485897,982.3951,284.34186,42.10489,2.1332836,3.1311984,14.8114605,701.91064,3.510468,0.7444695,0.001696231,2.3039804e-05,0.99019,0.99396396,0.9987096,0.99951255,0,0,0,1.4261482,1.5927577,1.9548672,1.4261482,1.5927577,1.9548672,0.0,0,0,0,0.0,0.0,0.0,0.0,0.0,0.0,0.0,0.0,0.0,0.0,0.0,0.0,0.0,0.0,0.0,0.0,0.0,0.0,0.0,0.0,0.0,0.0,0.0,0.0,0.0,0.0,0.0,0.0,0.0,0.0,0.0,0.0,0.0,0.0,0.0,0.0,0.0,0.0,0.0,0.0,0.0,0.0,0.0,0.0,0.0,0.0,0.0,0.0,0.0,0.0,0.0,0.0,0.0,0.0,0.0,0.0,0.0,0.0,0.0,0.0,0,0,0,0,0,0,0,0,0,0,0,0,0,0,0,0,0,0,0,0,0,0,0,0,0,0,0,0,0,0,0.0,0.0,0.0,0.0,0.0,0.0,0.0,0.0,0.0,0.0,0.0,0.0,0.0,0.0,0.0,0.0,0.0,0.0,0.0,0.0,0.0,0.0,0.0,0.0,0.0,0.0,0.0,0.0,0.0,0.0,0.45358646,0.0,0.0,5122.2095,0.0,0.0,1.0,0.0,0,,0.0,0.0,0.0,0.0,0.0,0.0,0.0,0.0,False,0.0,0,0.0,0.0,0.0,0.0,0.0,0.0,S,39628430626525060,0.4658277142509525,1,3200,2,2188,999999,655458,0,0,999999,999999,999999,999999,999999,999999,999999,999999,999999,0,999999,999999,999999,main,dark,11380,DESI J017.1811+27.7454
9010,391832,3210p105,1087,SER,320.9414083927738,6.4538667e+11,10.429080912423924,5.287385e+11,70081.66,72743.875,73833.68,73883.984,73933.31,0.06211899,5.8700843,12.180203,7.2593946,862.46454,271.456,74.908516,0.8320316,0.88349676,0.93306,0.059495986,0.027831892,0.12954548,0.0073886765,0.11663719,0.007909052,0.9966522,0.9979623,0.9974873,4,4,4,1876.5005,453.40436,127.15264,1318.6356,310.45575,80.683876,15.935169,35.16577,281.26956,2964.793,3.1620636,0.6824958,0.0010644015,1.3718441e-05,0.9895279,0.9935557,0.9986221,0.9994795,0,0,0,3.2184331,6.678127,3.9801602,3.275457,6.7401624,4.1671886,2015.5,0,0,0,0.0,0.0,0.0,0.0,0.0,0.0,0.0,0.0,0.0,0.0,0.0,0.0,0.0,0.0,0.0,0.0,0.0,0.0,0.0,0.0,0.0,0.0,0.0,0.0,0.0,0.0,0.0,0.0,0.0,0.0,0.0,0.0,0.0,0.0,0.0,0.0,0.0,0.0,0.0,0.0,0.0,0.0,0.0,0.0,0.0,0.0,0.0,0.0,0.0,0.0,0.0,0.0,0.0,0.0,0.0,0.0,0.0,0.0,0.0,0.0,0,0,0,0,0,0,0,0,0,0,0,0,0,0,0,0,0,0,0,0,0,0,0,0,0,0,0,0,0,0,0.0,0.0,0.0,0.0,0.0,0.0,0.0,0.0,0.0,0.0,0.0,0.0,0.0,0.0,0.0,0.0,0.0,0.0,0.0,0.0,0.0,0.0,0.0,0.0,0.0,0.0,0.0,0.0,0.0,0.0,0.5831328,0.45036998,-0.14570187,25690.965,4701.0625,5302.598,1.8838626,102.01842,1745214330997573248,G2,20.994408,40.857105,20.082918,11.885223,20.02077,27.665936,2.7419078,14.605126,False,42.595165,3,0.0,0.0,0.0,0.0,0.0,0.0,S,39628042527573055,0.330314359643727,516,2100,2,12400,999999,1152921504606846976,65545,0,999999,999999,999999,999999,999999,999999,999999,999999,999999,0,999999,999999,999999,main,bright,20850,DESI J320.9414+10.4290
9010,329538,1526m002,553,SER,152.527411670188,1.7332465e+12,-0.2684081213620498,1.1745479e+12,87557.016,93447.54,94922.53,95111.91,95166.18,0.032136973,16.097435,12.876446,9.279851,226.62148,210.13483,36.265324,0.90925294,0.9379277,0.9647901,0.0027693151,0.01258643,0.08782583,0.29898536,0.0027387738,0.004556341,0.99624854,0.9970904,0.6664931,3,3,2,769.5312,604.41766,65.40552,516.5457,360.6825,38.11937,7.9081564,13.245995,267.46252,1928.2725,2.7461991,0.62053335,0.000805113,1.0886507e-05,0.9945685,0.9966609,0.9992869,0.9997307,0,0,0,8.798461,7.0379477,5.072138,8.800831,7.0446033,5.0836396,2015.5,0,0,0,0.0,0.0,0.0,0.0,0.0,0.0,0.0,0.0,0.0,0.0,0.0,0.0,0.0,0.0,0.0,0.0,0.0,0.0,0.0,0.0,0.0,0.0,0.0,0.0,0.0,0.0,0.0,0.0,0.0,0.0,0.0,0.0,0.0,0.0,0.0,0.0,0.0,0.0,0.0,0.0,0.0,0.0,0.0,0.0,0.0,0.0,0.0,0.0,0.0,0.0,0.0,0.0,0.0,0.0,0.0,0.0,0.0,0.0,0.0,0.0,0,0,0,0,0,0,0,0,0,0,0,0,0,0,0,0,0,0,0,0,0,0,0,0,0,0,0,0,0,0,0.0,0.0,0.0,0.0,0.0,0.0,0.0,0.0,0.0,0.0,0.0,0.0,0.0,0.0,0.0,0.0,0.0,0.0,0.0,0.0,0.0,0.0,0.0,0.0,0.0,0.0,0.0,0.0,0.0,0.0,0.57489103,0.33751217,-0.21153559,43858.066,10961.92,11020.312,1.5910932,204.04395,0,,0.0,0.0,0.0,0.0,0.0,0.0,0.0,11.169911,False,1267.4088,3,0.0,0.0,0.0,0.0,0.0,0.0,S,39627781247599145,0.31065127289810535,516,2000,2,27226,999999,1152921504606846976,65537,0,999999,999999,999999,999999,999999,999999,999999,999999,999999,0,999999,999999,999999,main,bright,24640,DESI J152.5274-00.2684
9010,280216,0208m087,3341,REX,20.903632276657767,1.471726e+12,-8.859166795124988,1.4716204e+12,41453.29,42000.355,42037.99,42030.07,0.0,0.0436118,6.2312446,11.165006,5.3715315,423.15573,188.67648,72.6597,0.8788863,0.91671044,0.9525207,0.00046485043,0.00027820776,0.009271449,0.00767411,0.0065057096,0.012214451,0.995909,0.9955296,0.9921004,2,2,2,1007.7482,533.3991,96.26854,601.694,272.95724,50.01953,6.776903,15.825155,184.35927,2338.7256,2.9122632,0.6409827,0.00088211056,1.1686111e-05,0.9926363,0.9954713,0.99903244,0.99963456,0,0,0,4.413762,7.90848,3.8048034,4.413762,7.9084806,3.804805,2015.5,0,0,0,0.0,0.0,0.0,0.0,0.0,0.0,0.0,0.0,0.0,0.0,0.0,0.0,0.0,0.0,0.0,0.0,0.0,0.0,0.0,0.0,0.0,0.0,0.0,0.0,0.0,0.0,0.0,0.0,0.0,0.0,0.0,0.0,0.0,0.0,0.0,0.0,0.0,0.0,0.0,0.0,0.0,0.0,0.0,0.0,0.0,0.0,0.0,0.0,0.0,0.0,0.0,0.0,0.0,0.0,0.0,0.0,0.0,0.0,0.0,0.0,0,0,0,0,0,0,0,0,0,0,0,0,0,0,0,0,0,0,0,0,0,0,0,0,0,0,0,0,0,0,0.0,0.0,0.0,0.0,0.0,0.0,0.0,0.0,0.0,0.0,0.0,0.0,0.0,0.0,0.0,0.0,0.0,0.0,0.0,0.0,0.0,0.0,0.0,0.0,0.0,0.0,0.0,0.0,0.0,0.0,0.2106935,0.0,0.0,49635.547,0.0,0.0,1.0,0.0,2471297450242014848,G2,20.872524,57.315254,19.96907,8.00944,19.844091,7.3771386,2.7834504,11.855959,False,13.770335,3,0.0,0.0,0.0,0.0,0.0,0.0,S,39627574376140045,0.9474944789849087,516,2100,2,17559,999999,1152921504606846976,65545,0,999999,999999,999999,999999,999999,999999,999999,999999,999999,0,999999,999999,999999,main,bright,24871,DESI J020.9036-08.8591
9010,383319,3229p090,5101,DEV,323.0448328687482,4.912228e+12,9.011544946742307,3.5089393e+12,258365.53,272109.5,276018.22,274955.3,276019.03,0.042469304,22.033997,19.492737,17.279316,337.11224,231.76643,81.416435,0.8818637,0.91880125,0.95373535,0.0006892961,0.0007505798,0.0023542254,0.00095482776,0.00062566646,0.010748125,0.9899216,0.9999994,0.9999982,5,4,5,1512.4746,790.27466,184.2584,1066.5714,466.88272,97.99117,10.150611,10.136722,203.7211,2197.6707,2.911522,0.6864083,0.0007548571,9.799636e-06,0.99282855,0.9955897,0.99905777,0.9996441,0,0,0,11.680424,10.333279,9.1599245,11.680425,10.33328,9.159925,2015.5,0,0,0,0.0,0.0,0.0,0.0,0.0,0.0,0.0,0.0,0.0,0.0,0.0,0.0,0.0,0.0,0.0,0.0,0.0,0.0,0.0,0.0,0.0,0.0,0.0,0.0,0.0,0.0,0.0,0.0,0.0,0.0,0.0,0.0,0.0,0.0,0.0,0.0,0.0,0.0,0.0,0.0,0.0,0.0,0.0,0.0,0.0,0.0,0.0,0.0,0.0,0.0,0.0,0.0,0.0,0.0,0.0,0.0,0.0,0.0,0.0,0.0,0,0,0,0,0,0,0,0,0,0,0,0,0,0,0,0,0,0,0,0,0,0,0,0,0,0,0,0,0,0,0.0,0.0,0.0,0.0,0.0,0.0,0.0,0.0,0.0,0.0,0.0,0.0,0.0,0.0,0.0,0.0,0.0,0.0,0.0,0.0,0.0,0.0,0.0,0.0,0.0,0.0,0.0,0.0,0.0,0.0,0.52050024,0.32952666,-0.09503044,96298.555,31021.082,25825.82,4.0,0.0,0,,0.0,0.0,0.0,0.0,0.0,0.0,0.0,73.36374,False,21.883074,3,0.0,0.0,0.0,0.0,0.0,0.0,S,39628006821467117,0.9922921571847212,516,2100,2,12371,999999,1152921504606846976,131074,0,999999,999999,999999,999999,999999,999999,999999,999999,999999,0,999999,999999,999999,main,bright,25523,DESI J323.0448+09.0115
9010,384070,1530p092,4366,REX,153.09506101027984,2.6315339e+12,9.314897565695166,2.7396937e+12,149790.14,155425.28,156056.58,156006.08,0.0,0.0306915,12.351819,21.175423,13.73137,453.7424,169.2728,54.620144,0.91315186,0.9406351,0.96634686,3.1499036e-07,2.8989376e-07,1.095106e-06,0.0029818765,0.0036620703,0.0047028502,0.9986352,0.9982926,0.9977322,3,3,3,1205.0948,451.27878,75.58491,791.55634,277.50626,51.33186,15.713108,20.219856,227.51259,2300.478,2.728441,0.58575886,0.00089149247,1.2235829e-05,0.9948122,0.9968108,0.99931896,0.9997428,0,0,0,7.645124,13.106469,8.498993,7.645124,13.106469,8.498993,2015.5,0,0,0,0.0,0.0,0.0,0.0,0.0,0.0,0.0,0.0,0.0,0.0,0.0,0.0,0.0,0.0,0.0,0.0,0.0,0.0,0.0,0.0,0.0,0.0,0.0,0.0,0.0,0.0,0.0,0.0,0.0,0.0,0.0,0.0,0.0,0.0,0.0,0.0,0.0,0.0,0.0,0.0,0.0,0.0,0.0,0.0,0.0,0.0,0.0,0.0,0.0,0.0,0.0,0.0,0.0,0.0,0.0,0.0,0.0,0.0,0.0,0.0,0,0,0,0,0,0,0,0,0,0,0,0,0,0,0,0,0,0,0,0,0,0,0,0,0,0,0,0,0,0,0.0,0.0,0.0,0.0,0.0,0.0,0.0,0.0,0.0,0.0,0.0,0.0,0.0,0.0,0.0,0.0,0.0,0.0,0.0,0.0,0.0,0.0,0.0,0.0,0.0,0.0,0.0,0.0,0.0,0.0,0.34425962,0.0,0.0,136357.89,0.0,0.0,1.0,0.0,0,,0.0,0.0,0.0,0.0,0.0,0.0,0.0,15.053951,False,13.268839,3,0.0,0.0,0.0,0.0,0.0,0.0,S,39628009971388686,0.11565512092893371,516,2100,2,27544,999999,1152921504606846976,131074,0,999999,999999,999999,999999,999999,999999,999999,999999,999999,0,999999,999999,999999,main,bright,26209,DESI J153.0950+09.3148
